Organization,Followed On
Ethical Hackers Academy Â®,Wed Apr 02 01:57:47 UTC 2025
Cyber Security News Â®,Tue Aug 20 09:37:30 UTC 2024
ServiceNow Community,Wed Jul 31 11:27:25 UTC 2024
ServiceNow Partners,Fri Jul 12 00:16:53 UTC 2024
Adobe,Thu Jun 20 20:39:34 UTC 2024
Forbes,Thu Jun 20 20:39:24 UTC 2024
Red Hat,Thu Jun 20 20:39:19 UTC 2024
Nokia,Thu Jun 20 20:39:12 UTC 2024
LearnKube,Thu Jun 20 20:39:11 UTC 2024
ServiceNow Early Careers,Thu Jun 20 20:20:03 UTC 2024
Resonate Solutions NZ,Thu May 30 07:36:11 UTC 2024
Zendir,Sun May 26 23:06:04 UTC 2024
Renaissance InfoSystems,Sun May 26 21:56:41 UTC 2024
Vervio Digital,Sun May 26 21:55:52 UTC 2024
Eucalyptus,Sun May 26 20:51:28 UTC 2024
ALOIS Solutions,Fri May 24 05:36:12 UTC 2024
Cognizant,Tue May 21 20:22:36 UTC 2024
Luxoft,Tue May 21 20:21:43 UTC 2024
HUB24 Limited,Sun May 12 01:02:46 UTC 2024
Trackita,Sun May 12 01:00:22 UTC 2024
ServiceNow,Sat May 11 21:04:52 UTC 2024
Rural Affinity,Wed May 08 05:09:07 UTC 2024
CryptoRecruit ,Mon May 06 06:18:20 UTC 2024
Salsa Digital,Sun May 05 08:14:32 UTC 2024
Exclaim IT,Tue Apr 30 07:58:49 UTC 2024
Upwire,Tue Apr 30 07:56:36 UTC 2024
Preacta,Tue Apr 30 07:33:19 UTC 2024
Synechron,Tue Apr 30 07:16:54 UTC 2024
Cloudflare,Tue Apr 30 07:14:56 UTC 2024
Logical ,Tue Apr 30 07:07:55 UTC 2024
Hullbot,Tue Apr 30 07:07:05 UTC 2024
Bridgewater Resourcing Solutions Limited,Tue Apr 30 07:05:14 UTC 2024
Cloud Computing,Thu Apr 18 05:06:16 UTC 2024
Boeing,Tue Apr 16 20:49:36 UTC 2024
Velan Consulting Pty Ltd,Mon Apr 15 05:42:59 UTC 2024
ECA Professional Year Program,Sun Apr 14 00:13:22 UTC 2024
Nuage Technology Group,Sun Apr 14 00:10:28 UTC 2024
Credible,Fri Apr 12 19:12:46 UTC 2024
Australian Taxation Office,Fri Apr 12 19:08:53 UTC 2024
The THRIVE Project,Fri Apr 12 18:29:43 UTC 2024
Canonical,Thu Apr 11 06:07:47 UTC 2024
Jobs via eFinancialCareers,Wed Apr 10 20:54:24 UTC 2024
Optiver,Wed Apr 10 20:25:37 UTC 2024
ASIC,Wed Apr 10 20:20:11 UTC 2024
CoTalent,Tue Apr 09 11:33:28 UTC 2024
eJAmerica,Tue Apr 09 00:17:19 UTC 2024
World Sport Action,Tue Apr 09 00:12:32 UTC 2024
The Reach Agency,Tue Apr 09 00:01:58 UTC 2024
Nexl,Mon Apr 08 20:15:35 UTC 2024
Android Developers,Mon Apr 08 20:08:00 UTC 2024
Naviro,Sun Apr 07 20:51:15 UTC 2024
ADL Group Australia,Sun Apr 07 20:39:16 UTC 2024
Squiz,Sun Apr 07 20:19:37 UTC 2024
Tribus,Sun Apr 07 19:40:51 UTC 2024
Thinxtra,Sun Apr 07 19:40:02 UTC 2024
Crossover ,Fri Apr 05 21:21:07 UTC 2024
IT Search,Thu Apr 04 04:34:22 UTC 2024
Hyre.,Wed Apr 03 19:59:55 UTC 2024
swipejobs,Wed Apr 03 05:51:58 UTC 2024
Hydrogen Group,Wed Apr 03 05:38:40 UTC 2024
Guroo Learning,Tue Apr 02 19:06:46 UTC 2024
"Docker, Inc",Sat Mar 23 07:36:40 UTC 2024
Postman,Sat Mar 23 07:36:38 UTC 2024
Node.js,Sat Mar 23 07:36:35 UTC 2024
Dented Code Academy,Sun Mar 17 02:17:53 UTC 2024
Google Cloud,Sun Mar 17 02:17:51 UTC 2024
AWS Training & Certification,Sun Mar 17 02:17:42 UTC 2024
Amazon Web Services (AWS),Sun Mar 17 02:17:41 UTC 2024
Stack Overflow,Sun Mar 17 02:16:56 UTC 2024
GeeksforGeeks,Sun Mar 17 02:16:55 UTC 2024
Google Developer Groups (GDG),Sun Mar 17 02:16:53 UTC 2024
LinkedIn,Sun Mar 17 02:16:50 UTC 2024
DeepLearning.AI,Sun Mar 17 02:16:49 UTC 2024
ACS (Australian Computer Society),Sun Mar 17 02:16:48 UTC 2024
Codecademy,Sun Mar 17 02:16:45 UTC 2024
ByteByteGo,Sun Mar 17 02:13:43 UTC 2024
Westpac,Sun Mar 10 06:39:21 UTC 2024
KPMG Australia,Sun Mar 10 06:39:20 UTC 2024
Macquarie Group,Sun Mar 10 06:39:19 UTC 2024
Accenture,Sun Mar 10 06:39:18 UTC 2024
ausbiz Consulting,Sun Mar 10 06:39:14 UTC 2024
Employability Advantage,Sun Mar 10 06:39:13 UTC 2024
JavaScript,Sat Mar 09 15:27:38 UTC 2024
GitHub,Sat Mar 09 15:27:36 UTC 2024
Microsoft Azure,Thu Mar 07 04:49:39 UTC 2024
Atlassian,Thu Mar 07 04:49:38 UTC 2024
MongoDB,Wed Mar 06 20:00:18 UTC 2024
tekFinder,Wed Mar 06 19:54:07 UTC 2024
nDeva,Wed Mar 06 19:23:24 UTC 2024
Microsoft Learn,Wed Mar 06 19:17:30 UTC 2024
EY,Fri Mar 01 07:15:46 UTC 2024
Australian Bureau of Statistics,Fri Mar 01 07:15:43 UTC 2024
OpenAI,Fri Mar 01 07:15:41 UTC 2024
Google for Developers,Wed Feb 28 09:50:14 UTC 2024
AvaCloud,Tue Feb 27 06:19:42 UTC 2024
Oral Communication,Mon Feb 26 06:09:44 UTC 2024
TechOps Services,Mon Feb 26 06:08:25 UTC 2024
Engineering ðŸ’¡,Thu Feb 22 06:43:39 UTC 2024
ING Australia,Thu Feb 22 06:43:38 UTC 2024
Australian Federal Police,Thu Feb 22 06:43:35 UTC 2024
Avocado Consulting,Mon Apr 15 05:37:01 UTC 2024
The Onset,Thu Feb 15 00:55:18 UTC 2024
Discovered People,Wed Feb 14 19:27:22 UTC 2024
Talenza,Wed Feb 14 18:23:57 UTC 2024
Recruitment House,Wed Feb 14 18:22:44 UTC 2024
AJQ Technology,Wed Feb 14 06:06:59 UTC 2024
x-RD,Tue Feb 06 05:44:56 UTC 2024
Tech Mahindra,Mon Feb 05 06:56:24 UTC 2024
Canva,Wed Jan 31 04:28:55 UTC 2024
A Corp. Computers,Wed Jan 31 00:11:51 UTC 2024
Linear,Sat Jan 27 18:47:31 UTC 2024
GreatFrontEnd,Sat Jan 27 18:47:23 UTC 2024
AC3,Sat Jan 27 10:30:33 UTC 2024
Quandoo | Online Restaurant Booking,Sat Jan 27 10:10:50 UTC 2024
Zone IT Solutions,Sat Jan 27 10:04:26 UTC 2024
ELMO Software,Sat Jan 27 09:30:58 UTC 2024
Collaborate Recruitment,Sat Jan 27 09:28:13 UTC 2024
Computacenter,Sat Jan 27 09:26:09 UTC 2024
Meddbase by Cority,Sat Jan 27 09:25:44 UTC 2024
Hutchison Ports Australia,Sat Jan 27 09:24:42 UTC 2024
Zip Co,Thu Jan 25 16:33:24 UTC 2024
Updoc,Thu Jan 25 14:02:13 UTC 2024
Focused On Recruitment,Thu Jan 25 05:11:38 UTC 2024
Blazeclan Technologies,Thu Jan 25 05:08:30 UTC 2024
Pegasystems,Wed Jan 17 19:43:11 UTC 2024
Ace Talent Recruitment,Wed Jan 17 19:38:45 UTC 2024
Precision Sourcing,Wed Jan 10 19:12:01 UTC 2024
freeCodeCamp,Mon Jan 08 05:55:10 UTC 2024
Trinity DAO,Sat Dec 23 08:24:54 UTC 2023
Libran IT,Fri Dec 22 22:01:05 UTC 2023
Marlee,Mon Dec 18 21:28:21 UTC 2023
FlexTrade,Mon Dec 18 20:14:48 UTC 2023
Midnight,Sun Dec 17 14:02:13 UTC 2023
Generative AI,Wed Dec 06 08:12:31 UTC 2023
OpenSea,Sun Nov 26 10:14:39 UTC 2023
Stellar Development Foundation,Sun Nov 26 10:14:38 UTC 2023
Kraken,Sun Nov 26 10:14:33 UTC 2023
Aave Labs,Sun Nov 26 10:14:32 UTC 2023
Algorand Foundation,Sun Nov 26 10:14:32 UTC 2023
Crypto.com,Sun Nov 26 10:14:30 UTC 2023
Input Output (IOHK),Sun Nov 26 10:14:29 UTC 2023
Binance,Sun Nov 26 10:14:28 UTC 2023
Algorand Technologies,Sun Nov 26 10:14:27 UTC 2023
Coinbase,Sun Nov 26 10:14:26 UTC 2023
Cardano,Sun Nov 26 10:14:23 UTC 2023
Ripple,Sun Nov 26 10:14:22 UTC 2023
Uniswap Labs,Sun Nov 26 10:14:08 UTC 2023
Cardano Foundation,Sun Nov 26 10:14:07 UTC 2023
Chainlink Labs,Sun Nov 26 10:14:06 UTC 2023
Polkadot,Sun Nov 26 10:14:05 UTC 2023
Solana Labs,Sun Nov 26 10:14:03 UTC 2023
Microsoft,Sun Nov 26 10:13:38 UTC 2023
Deloitte,Sun Nov 26 09:57:55 UTC 2023
Thales,Sun Nov 26 09:57:54 UTC 2023
Leidos Australia,Sun Nov 26 09:49:36 UTC 2023
Crypto Talent,Sat Nov 25 03:34:12 UTC 2023
NTT,Mon Oct 09 00:38:48 UTC 2023
Intelerad,Mon Oct 09 00:36:12 UTC 2023
Robert Half,Thu Oct 05 00:26:41 UTC 2023
Hays,Thu Oct 05 00:23:48 UTC 2023
Bitcoin,Wed Oct 04 18:02:56 UTC 2023
Ethereum,Wed Oct 04 18:02:53 UTC 2023
Ava Labs,Wed Oct 04 18:01:19 UTC 2023
Polygon Labs,Wed Oct 04 18:01:16 UTC 2023
Avalanche,Wed Oct 04 18:01:07 UTC 2023
Arthera chain,Wed Oct 04 18:00:43 UTC 2023
Blockrium,Wed Oct 04 17:59:50 UTC 2023
Virtualization,Mon Sep 18 10:09:02 UTC 2023
TalentKompass Deutschland,Wed Oct 04 18:04:07 UTC 2023
Cisco,Wed Sep 06 20:50:36 UTC 2023
ISC2,Wed Sep 06 20:50:17 UTC 2023
CompTIA,Wed Sep 06 20:50:07 UTC 2023
Customer Service,Fri Sep 01 20:05:56 UTC 2023
Aahan Logistics Australia,Tue Jul 25 01:39:00 UTC 2023
ManVision Consulting,Thu Jul 06 16:05:14 UTC 2023
Talent,Sat Jul 01 15:15:08 UTC 2023
Redbubble,Sat Jul 01 14:58:24 UTC 2023
Kinetic IT,Sat Jul 01 14:49:41 UTC 2023
Operating Systems,Sat Jul 01 14:48:14 UTC 2023
Amazon,Tue Jun 06 19:46:09 UTC 2023
Blackbird,Fri Apr 28 23:29:39 UTC 2023
Microsoft Security,Sun Apr 23 11:08:10 UTC 2023
CGI,Sun Apr 23 11:08:09 UTC 2023
Microsoft Cloud,Sun Apr 23 11:08:08 UTC 2023
InfosecTitans,Sun Apr 23 11:08:02 UTC 2023
Service Stream,Thu Apr 13 01:15:15 UTC 2023
Datacom,Wed Apr 12 10:55:03 UTC 2023
Bdjobs.com,Tue Apr 11 08:46:48 UTC 2023
Stryker,Tue Apr 11 08:46:47 UTC 2023
dentsu,Tue Apr 11 08:46:47 UTC 2023
TP,Tue Apr 11 08:46:45 UTC 2023
The HEINEKEN Company,Tue Apr 11 08:46:44 UTC 2023
Ghost Robotics,Tue Apr 11 08:46:36 UTC 2023
Hotel Jobs Worldwide,Tue Apr 11 08:46:35 UTC 2023
Qatar Airways,Tue Apr 11 08:46:34 UTC 2023
"UNHCR, the UN Refugee Agency",Tue Apr 11 08:46:33 UTC 2023
Petrobras,Tue Apr 11 08:46:32 UTC 2023
Free Online Courses,Tue Apr 11 08:46:30 UTC 2023