Date,Status,FullName
2025-08-21 23:11:59,Active,Claire Pepper
2025-08-09 05:34:21,Active,Julian Eljach
2025-07-28 21:50:43,Active,Brittney Saunders
2025-07-28 21:50:35,Active,Mike Cannon-Brookes
2024-12-28 03:07:44,Active,Rajendra Reddy
2024-10-21 13:44:33,Active,MD Amanullah Hoque
2024-09-27 21:11:35,Active,Tobi Oluwole
2024-09-17 08:35:44,Active,Emily Pappas
2024-09-10 21:23:48,Active,priyadarshi ranjan
2024-08-25 23:00:26,Active,Dhananjaya Kurukulasooriya
2024-08-20 09:37:44,Active,Fred Hoskyns
2024-08-20 09:37:37,Active,Aaron Hunter
2024-08-14 07:41:47,Active,Stan Smoltis
2024-08-08 03:18:24,Active,Hanım Eken
2024-08-08 03:17:02,Active,ANSARY .
2024-08-02 22:30:39,Active,Gina Mastantuono
2024-06-26 00:28:43,Active,Andrzej Komarnicki
2024-06-25 07:59:40,Active,Damien Davis
2024-06-24 14:47:41,Active,Jon Bonso
2024-06-16 01:59:58,Active,Anthony Sequeira
2024-06-03 11:32:21,Active,Mandar Patil
2024-05-27 20:16:59,Active,Chuck Keith
2024-05-17 08:08:35,Active,Sergei Ermakov
2024-05-06 11:22:23,Active,edoardo rucci
2024-05-05 19:16:19,Active,Aage Starup
2024-05-05 07:58:00,Active,Thahasin S
2024-05-05 07:48:28,Active,Abirami Ashokan
2024-05-01 10:04:25,Active,Brett Grandbois
2024-05-01 01:43:43,Active,Ann Afamefuna
2024-04-29 18:05:38,Active,Ivan Kopas
2024-04-27 19:40:02,Active,"Leonard Rodman, M.Sc. PMP® LSSBB® CSM® CSPO®"
2024-04-25 21:48:31,Active,Thaw Zin Myo (Jack)
2024-04-25 11:31:29,Active,Farhan Hussain
2024-04-25 03:27:41,Active,Aliya Shaikh
2024-04-24 20:36:26,Active,Hari Haran
2024-04-23 06:23:13,Active,Joash Nyagaya
2024-04-22 10:12:08,Active,Enzo Wälchli
2024-04-21 00:00:22,Active,Saidul Islam
2024-04-16 20:28:24,Active,JJ Delgado
2024-04-16 06:44:16,Active,Joshua Burke
2024-04-16 06:35:31,Active,Nikki Siapno
2024-04-16 06:35:24,Active,Ryan Peterman
2024-04-13 13:34:23,Active,Md Sajib Shaikh
2024-04-08 19:50:44,Active,Viktoria Semaan
2024-04-04 04:14:00,Active,Yan Cui
2024-03-17 02:17:06,Active,Michelle Coulson
2024-03-17 02:12:45,Active,Alex Xu
2024-03-03 10:26:25,Active,Eve Porcello
2024-02-27 10:08:48,Active,Nick D
2024-02-27 06:09:53,Active,Sandeep Dhakal
2024-02-26 07:29:22,Active,Hamna Aslam Kahn
2024-02-25 00:10:03,Active,Dakota Fabro
2024-02-23 10:42:18,Active,Gina Acosta Gutiérrez
2024-02-20 03:04:42,Active,Younus Yousuf
2024-02-15 02:04:01,Active,Karthik Gummadi
2024-02-10 10:55:59,Active,Zohran Mohammad Danish
2024-01-26 21:13:31,Active,ROHIT KUMAR MISHRA
2024-01-26 20:19:40,Active,Steve Nouri
2024-01-26 08:24:13,Active,Ram Maheshwari ♾️
2024-01-25 08:55:14,Active,Ch Bappy
2024-01-25 05:30:29,Active,Josh Samuelson
2024-01-24 19:46:40,Active,The Hon. Peter Dutton
2024-01-08 05:56:05,Active,Zain Kahn
2023-11-30 05:52:56,Active,Neo Liu
2023-11-26 10:18:17,Active,Benjamin Bennett Alexander
2023-11-26 10:17:44,Active,Charles Adkins
2023-11-26 10:17:42,Active,Sachi Kamiya
2023-11-26 10:12:59,Unfollow,Kaylee Cragg
2023-10-04 18:02:05,Active,Emil R. Ljesnjanin
2023-08-21 13:01:04,Active,Shubham Sham Sakpal
2023-07-25 01:40:25,Active,Mandeep Sethi
2023-07-25 01:40:12,Active,Lex Fridman
2023-07-25 01:40:08,Active,Andrew Huberman
2023-07-15 07:01:48,Active,Christina Samy
2023-07-15 07:01:34,Active,Nuno Pereira
2023-07-15 07:01:22,Active,Albert Barron
2023-07-15 04:47:28,Active,David Davis
2023-07-13 06:08:57,Active,Andreas von der Heydt
2023-07-13 06:07:03,Active,Pascal BORNET
2023-07-08 23:38:19,Active,Umair Khalid
2023-06-13 07:55:09,Active,Kunal D Mehta
2023-04-29 21:38:54,Active,Samson O. Sanyaolu
2023-04-13 01:11:04,Active,Tony Vizza
2023-04-01 03:07:11,Active,Mohan Nayak
2023-03-29 09:36:16,Active,Bill Gates
2023-03-28 20:48:36,Active,Jitesh Jaspal
2023-03-28 20:48:35,Active,freelancer vendor
2023-03-28 20:48:33,Active,Vishal Sharma
2023-03-28 20:48:32,Active,Devesh Choudhary
2023-03-28 20:48:28,Active,Danyaal Abdullah
2023-03-25 20:38:41,Active,Professor Gary Martin FAIM
2023-03-25 20:38:35,Active,Niki De Zilva
2023-03-22 08:05:38,Active,Vicki Brady
2023-03-22 08:05:30,Active,Malcolm Turnbull
2023-03-22 08:05:28,Active,Joe Aston
2023-03-22 08:05:23,Active,Steve Hui
2023-03-22 08:05:15,Active,Bill Shorten
2023-03-22 08:05:12,Active,Rob Stokes
2023-03-22 08:05:09,Active,Ash Barty
2023-03-22 08:05:00,Active,Anthony Albanese
2023-03-22 08:04:28,Active,Daniel Ricciardo
