Saved Date,Job Url,Job Title,Company Name
"4/13/24, 4:12 PM",http://www.linkedin.com/jobs/view/3854900536,IT Positions,Bayside Group
"1/23/24, 10:59 AM",http://www.linkedin.com/jobs/view/3801067766,Systems Administrator,Jensen Hughes
"5/24/24, 8:20 AM",http://www.linkedin.com/jobs/view/3928959864,DevOps / Cloud Engineer (PA2024328),Jobs via eFinancialCareers
"3/20/24, 4:00 PM",http://www.linkedin.com/jobs/view/3668723182,Intern,La Caisse (Caisse de dépôt et placement du Québec)
"9/9/23, 11:18 PM",http://www.linkedin.com/jobs/view/3545063053,Cloud Careers,Accenture Australia
"9/11/23, 3:57 PM",http://www.linkedin.com/jobs/view/3708164684,Linux System Admin (SaaS Ops),FlexTrade
"4/12/24, 12:06 PM",http://www.linkedin.com/jobs/view/3859979688,Machine Learning Engineer Intern - ANZ,Canva
"8/28/23, 7:32 AM",http://www.linkedin.com/jobs/view/3649642533,Solutions Architect Intern,Amazon Web Services (AWS)
"4/16/24, 1:44 PM",http://www.linkedin.com/jobs/view/3897153794,Junior Network Engineer,Robert Half
"1/21/24, 4:32 PM",http://www.linkedin.com/jobs/view/3769073244,System Administrator-Hyper V,Unisys
"9/11/24, 5:16 PM",http://www.linkedin.com/jobs/view/3996465450,Software Engineer (Fixed-Term Contract),Google
"5/5/24, 11:20 PM",http://www.linkedin.com/jobs/view/3909193960,,
"10/4/23, 5:39 PM",http://www.linkedin.com/jobs/view/3706627379,Linux System Administrator,DXC Technology
"4/15/24, 11:51 PM",http://www.linkedin.com/jobs/view/3877269695,Solutions Architect Intern,Amazon Web Services (AWS)
"1/6/25, 10:55 PM",http://www.linkedin.com/jobs/view/3929226939,Junior IT Operations Engineer,Macquarie Group
"2/23/24, 7:14 PM",http://www.linkedin.com/jobs/view/3810158551,IT Cloud Systems Administrator,Mission Australia
"2/20/24, 5:36 PM",http://www.linkedin.com/jobs/view/3807471727,Transformation and Technology Specialist,Gilbert + Tobin
"2/4/24, 4:41 PM",http://www.linkedin.com/jobs/view/3801619432,Problem Coordinator,AC3
"12/18/23, 12:17 PM",http://www.linkedin.com/jobs/view/3765197707,Systems Administrator,Cox Purtell Staffing Services
"3/12/24, 1:22 PM",http://www.linkedin.com/jobs/view/3847262287,"Junior Software Engineer, Trilogy (Remote) - $60,000/year USD",Crossover 
"3/25/23, 2:06 PM",http://www.linkedin.com/jobs/view/3494765342,2024 Forensic Technology Graduate Program,KordaMentha
"4/15/24, 11:47 PM",http://www.linkedin.com/jobs/view/3869788790,Solutions Architect Intern,myGwork - LGBTQ+ Business Community
"1/25/24, 5:52 AM",http://www.linkedin.com/jobs/view/3744306284,Software Engineer Intern (Open to both Part-time and Full-time candidates),Resonate CX
"9/11/23, 3:58 PM",http://www.linkedin.com/jobs/view/3703489824,Intern - IT Ops - Cloud Computing,Gallagher Bassett
"4/15/24, 11:49 PM",http://www.linkedin.com/jobs/view/3870806999,2024 Capgemini Winter Internship,Capgemini
"12/18/23, 11:05 AM",http://www.linkedin.com/jobs/view/3774880207,Systems & Integration Engineer (Graduate),Love to Dream™
"9/11/23, 4:03 PM",http://www.linkedin.com/jobs/view/3717590036,Linux Support,Collabera Digital
"3/21/24, 2:50 AM",http://www.linkedin.com/jobs/view/3820324603,Cloud Support Associate,MongoDB
"3/11/24, 5:09 PM",http://www.linkedin.com/jobs/view/3834859495,DevOps Engineer,nDeva
"4/12/23, 3:38 AM",http://www.linkedin.com/jobs/view/3558136686,System Engineer,Acrotec
"5/22/24, 3:33 AM",http://www.linkedin.com/jobs/view/3922082304,Junior Software Engineer (QA),QA Wolf
"9/11/23, 4:03 PM",http://www.linkedin.com/jobs/view/3698037707,Cloud Engineer,Randstad Australia
"3/25/23, 2:21 PM",http://www.linkedin.com/jobs/view/3520743815,DevOps - College Graduates (Blockchain),CryptoRecruit 
"4/16/24, 1:44 PM",http://www.linkedin.com/jobs/view/3895272633,DevOps Systems Administrator,Boeing
"9/11/23, 3:57 PM",http://www.linkedin.com/jobs/view/3696839285,Cloud Solutions Architect (Junior),MegazoneCloud Global
"4/1/23, 4:40 PM",http://www.linkedin.com/jobs/view/3544074331,,
"5/31/24, 3:14 AM",http://www.linkedin.com/jobs/view/3771913504,Intern (TikTok Engineering) - 2024 Start,TikTok
"4/14/24, 2:54 PM",http://www.linkedin.com/jobs/view/3864142044,Graduate DevSecOps Engineer,Thales
"3/2/24, 12:17 PM",http://www.linkedin.com/jobs/view/3840079844,,
"5/6/24, 10:07 PM",http://www.linkedin.com/jobs/view/3886827883,Cloud DevSecOps Engineer ,ASIC
"4/21/23, 3:20 PM",http://www.linkedin.com/jobs/view/2966472198,Cloud Engineer- AWS,Cognizant Servian
"4/29/24, 9:07 AM",http://www.linkedin.com/jobs/view/3875516955,,
"12/9/23, 7:04 PM",http://www.linkedin.com/jobs/view/3763836344,Information Technology Graduate,Rarekind
"12/16/24, 3:40 AM",http://www.linkedin.com/jobs/view/3487866129,"Cloud Operations Engineer, APAC",Canonical
"4/11/24, 8:08 AM",http://www.linkedin.com/jobs/view/3886154403,DevOps Engineer (Fixed Term Opportunity until June 2025),Transport for NSW
"3/14/24, 9:45 AM",http://www.linkedin.com/jobs/view/3807487358,,
"11/26/23, 1:59 AM",http://www.linkedin.com/jobs/view/3770096940,,
"9/11/23, 4:00 PM",http://www.linkedin.com/jobs/view/3696825491,Cloud Architect,Talent
"12/10/23, 6:50 PM",http://www.linkedin.com/jobs/view/3783414528,Data Analytics Training & Internship,Oeson™
"6/6/24, 7:42 PM",http://www.linkedin.com/jobs/view/3931370894,Software Engineering Intern (Contract),Riot Games
"3/28/23, 9:52 PM",http://www.linkedin.com/jobs/view/3534879829,ICT Officer,People4U
"6/28/24, 10:43 AM",http://www.linkedin.com/jobs/view/3913832678,Teach English in China! Full Support & Free Flights(select locations),English 1
"5/30/24, 1:07 PM",http://www.linkedin.com/jobs/view/3908823801,DevOps Engineer (Junior),Talent
"4/17/24, 6:43 AM",http://www.linkedin.com/jobs/view/3866285131,*AWS DevOps Engineer*,Jobs via eFinancialCareers
"3/16/24, 5:24 PM",http://www.linkedin.com/jobs/view/3828520363,Technical Cloud Analyst - Oracle AU Graduate Program,Oracle
"9/11/23, 4:12 PM",http://www.linkedin.com/jobs/view/3705291027,Server and Storage Engineer,Hays
"6/16/24, 5:31 PM",http://www.linkedin.com/jobs/view/3931322917,Junior Software Engineer,SixSix
"9/18/24, 4:14 PM",http://www.linkedin.com/jobs/view/4020667987,"Software Engineer, Networking Solutions, Platform",Google
"5/14/23, 1:58 PM",http://www.linkedin.com/jobs/view/3595168262,AWS Cloud Engineer,Talent
"6/28/24, 10:38 AM",http://www.linkedin.com/jobs/view/3800052593,Senior Systems Engineer – Golang/Kubernetes,Commonwealth Bank
"9/11/23, 4:11 PM",http://www.linkedin.com/jobs/view/3684549927,IT Cloud Administrator,Eucalyptus
"1/23/24, 10:57 AM",http://www.linkedin.com/jobs/view/3785779198,SQL Coder - AI Training [Remote],Braintrust
"4/18/24, 12:56 AM",http://www.linkedin.com/jobs/view/3859946960,DevOps Engineer,CoTalent
"9/18/23, 3:30 AM",http://www.linkedin.com/jobs/view/3712157623,Intern Solutions Engineer,Netskope
"9/11/24, 4:37 AM",http://www.linkedin.com/jobs/view/3877272574,Cloud Support Engineer (Linux),Amazon Web Services (AWS)
"5/30/24, 1:11 PM",http://www.linkedin.com/jobs/view/3911431718,DevOps Engineer – NV1/Baseline,Launch Group
"4/12/24, 7:02 AM",http://www.linkedin.com/jobs/view/3869458192,Junior Software Engineer,Tabcorp
"2/3/24, 3:16 PM",http://www.linkedin.com/jobs/view/3811609637,Cloud Operations Engineer I,Jamf
"6/4/24, 11:07 PM",http://www.linkedin.com/jobs/view/3916701391,Junior Systems Engineer,Nova Systems Australia and New Zealand
"5/22/24, 8:31 PM",http://www.linkedin.com/jobs/view/3903507599,Solutions Engineer (Pre-sales) Intern,SentinelOne
"10/12/23, 12:13 AM",http://www.linkedin.com/jobs/view/3731584851,Part-Time Intern - Software Engineer (DevOps & Data Engineering),Kangaroo IT
"3/25/23, 5:18 PM",http://www.linkedin.com/jobs/view/3536652340,Cloud Administrator,Collabera Digital
"10/4/23, 5:40 PM",http://www.linkedin.com/jobs/view/3700076765,,
"6/12/24, 9:38 PM",http://www.linkedin.com/jobs/view/3921199920,Software Engineer Intern (Open to both Part-time and Full-time candidates),Resonate CX
"6/5/24, 4:36 PM",http://www.linkedin.com/jobs/view/3930822634,"Graduate, Software Developer (2024)",SITA
"9/11/23, 3:55 PM",http://www.linkedin.com/jobs/view/3710741173,"Distinguished Engineer, Trilogy (Remote) - $800,000/year USD",Crossover 
"8/31/23, 1:42 PM",http://www.linkedin.com/jobs/view/3545063101,Cloud Careers,Accenture Australia
"5/16/24, 8:16 AM",http://www.linkedin.com/jobs/view/3922112279,Junior IT Operations Engineer,Jobs via eFinancialCareers
"8/31/23, 1:42 PM",http://www.linkedin.com/jobs/view/3545059509,Cloud Careers,Accenture Australia
"4/23/23, 4:09 AM",http://www.linkedin.com/jobs/view/3558885419,Information Technology Intern,Experteq
"8/20/25, 9:42 PM",http://www.linkedin.com/jobs/view/4271147668,Cloud Engineer (software),Hays
"6/16/24, 8:56 PM",http://www.linkedin.com/jobs/view/3930916789,,
"5/30/24, 6:23 PM",http://www.linkedin.com/jobs/view/3922465570,Data DevOps Engineer,Hays
"6/5/24, 12:39 AM",http://www.linkedin.com/jobs/view/3911794574,DevOps Engineer,ServiceNow
"9/11/23, 3:57 PM",http://www.linkedin.com/jobs/view/3711962863,"Support Analyst - Web3, Cloud, Automation",Plus People
"4/10/24, 1:54 PM",http://www.linkedin.com/jobs/view/3876705655,Site Reliability Engineer - Intern (Australia),Jobs via eFinancialCareers
"4/12/24, 11:27 AM",http://www.linkedin.com/jobs/view/3892317702,Volunteer Systems Administrator,The THRIVE Project
"4/9/24, 3:53 PM",http://www.linkedin.com/jobs/view/3868029552,DevOps/Software Engineer,Football Australia
"6/10/24, 9:23 AM",http://www.linkedin.com/jobs/view/3689053588,,
"6/19/24, 4:33 PM",http://www.linkedin.com/jobs/view/3922432451,Data Center IT Operations Technician,myGwork - LGBTQ+ Business Community
"8/14/23, 2:03 PM",http://www.linkedin.com/jobs/view/3687493102,2024 Apple Internship - Information Systems and Technology,Apple
"1/9/24, 4:21 PM",http://www.linkedin.com/jobs/view/3794685581,"Data Center Engineering Operations Trainee, Infraops DCEO",Amazon Web Services (AWS)
"3/24/24, 3:31 PM",http://www.linkedin.com/jobs/view/3842559088,Level 2 Network Support,Balance Recruitment and Balance Consulting
"5/7/24, 1:17 PM",http://www.linkedin.com/jobs/view/3912808821,"IT Support Specialist, Trilogy (Remote) - $30,000/year USD",Crossover 
"6/22/24, 10:39 AM",http://www.linkedin.com/jobs/view/3934330588,DevOps Engineer,Class
